resource,asset_index_original,width,height,frames,origin_x_original,origin_y_original,bbox_left,bbox_top,bbox_right,bbox_bottom,bbox_mode_original,mask_type,playback_speed,playback_speed_type,frames_directory,strip
spr_airhaz_left,0,128,128,1,0,0,0,0,127,71,0,AxisAlignedRect,30.0,FramesPerSecond,assets/sprites/spr_airhaz_left,assets/strips/spr_airhaz_left_strip1.png
spr_airhaz_mid,1,128,128,1,0,0,0,0,127,71,0,AxisAlignedRect,30.0,FramesPerSecond,assets/sprites/spr_airhaz_mid,assets/strips/spr_airhaz_mid_strip1.png
spr_airhaz_right,2,128,128,1,0,0,0,0,127,71,0,AxisAlignedRect,30.0,FramesPerSecond,assets/sprites/spr_airhaz_right,assets/strips/spr_airhaz_right_strip1.png
spr_airhaz_single,3,128,128,1,0,0,0,0,127,71,0,AxisAlignedRect,30.0,FramesPerSecond,assets/sprites/spr_airhaz_single,assets/strips/spr_airhaz_single_strip1.png
spr_airhaz_support,4,128,128,1,0,0,0,0,127,55,0,AxisAlignedRect,30.0,FramesPerSecond,assets/sprites/spr_airhaz_support,assets/strips/spr_airhaz_support_strip1.png
spr_bg_volcano,5,1280,720,1,0,0,0,0,1279,719,0,AxisAlignedRect,30.0,FramesPerSecond,assets/sprites/spr_bg_volcano,assets/strips/spr_bg_volcano_strip1.png
spr_block_neon_blue,6,16,16,1,0,0,0,0,15,15,0,AxisAlignedRect,30.0,FramesPerSecond,assets/sprites/spr_block_neon_blue,assets/strips/spr_block_neon_blue_strip1.png
spr_block_neon_gold,7,16,16,1,0,0,0,0,15,15,0,AxisAlignedRect,30.0,FramesPerSecond,assets/sprites/spr_block_neon_gold,assets/strips/spr_block_neon_gold_strip1.png
spr_block_neon_skyblue,8,16,16,1,0,0,0,0,15,15,0,AxisAlignedRect,30.0,FramesPerSecond,assets/sprites/spr_block_neon_skyblue,assets/strips/spr_block_neon_skyblue_strip1.png
spr_deco_tree_cluster,9,128,128,1,64,128,0,38,127,127,0,AxisAlignedRect,30.0,FramesPerSecond,assets/sprites/spr_deco_tree_cluster,assets/strips/spr_deco_tree_cluster_strip1.png
spr_deco_tree_tall,10,128,256,1,64,256,1,29,126,255,0,AxisAlignedRect,30.0,FramesPerSecond,assets/sprites/spr_deco_tree_tall,assets/strips/spr_deco_tree_tall_strip1.png
spr_deco_volcano,11,128,128,1,64,128,0,52,127,127,0,AxisAlignedRect,30.0,FramesPerSecond,assets/sprites/spr_deco_volcano,assets/strips/spr_deco_volcano_strip1.png
spr_lava_bottom_left,12,128,128,1,0,0,0,0,127,127,0,AxisAlignedRect,30.0,FramesPerSecond,assets/sprites/spr_lava_bottom_left,assets/strips/spr_lava_bottom_left_strip1.png
spr_lava_bottom_mid,13,128,128,1,0,0,0,0,127,127,0,AxisAlignedRect,30.0,FramesPerSecond,assets/sprites/spr_lava_bottom_mid,assets/strips/spr_lava_bottom_mid_strip1.png
spr_lava_bottom_right,14,128,128,1,0,0,0,0,127,127,0,AxisAlignedRect,30.0,FramesPerSecond,assets/sprites/spr_lava_bottom_right,assets/strips/spr_lava_bottom_right_strip1.png
spr_lava_fill,15,128,128,1,0,0,0,0,127,127,0,AxisAlignedRect,30.0,FramesPerSecond,assets/sprites/spr_lava_fill,assets/strips/spr_lava_fill_strip1.png
spr_lava_surface,16,128,128,1,0,0,0,31,127,127,0,AxisAlignedRect,30.0,FramesPerSecond,assets/sprites/spr_lava_surface,assets/strips/spr_lava_surface_strip1.png
spr_neon_brick,17,16,16,1,0,0,0,0,15,15,0,AxisAlignedRect,30.0,FramesPerSecond,assets/sprites/spr_neon_brick,assets/strips/spr_neon_brick_strip1.png
spr_samurai_mid_attack1,18,200,200,6,100,200,69,53,188,121,0,AxisAlignedRect,30.0,FramesPerSecond,assets/sprites/spr_samurai_mid_attack1,assets/strips/spr_samurai_mid_attack1_strip6.png
spr_samurai_mid_attack2,19,200,200,6,100,200,82,59,193,121,0,AxisAlignedRect,30.0,FramesPerSecond,assets/sprites/spr_samurai_mid_attack2,assets/strips/spr_samurai_mid_attack2_strip6.png
spr_samurai_mid_death,20,200,200,6,100,200,69,69,119,121,0,AxisAlignedRect,30.0,FramesPerSecond,assets/sprites/spr_samurai_mid_death,assets/strips/spr_samurai_mid_death_strip6.png
spr_samurai_mid_fall,21,200,200,2,100,200,69,66,116,121,0,AxisAlignedRect,30.0,FramesPerSecond,assets/sprites/spr_samurai_mid_fall,assets/strips/spr_samurai_mid_fall_strip2.png
spr_samurai_mid_idle,23,200,200,8,100,200,76,70,112,121,0,AxisAlignedRect,30.0,FramesPerSecond,assets/sprites/spr_samurai_mid_idle,assets/strips/spr_samurai_mid_idle_strip8.png
spr_samurai_mid_jump,24,200,200,2,100,200,76,69,113,121,0,AxisAlignedRect,30.0,FramesPerSecond,assets/sprites/spr_samurai_mid_jump,assets/strips/spr_samurai_mid_jump_strip2.png
spr_samurai_mid_run,25,200,200,8,100,200,72,74,117,121,0,AxisAlignedRect,30.0,FramesPerSecond,assets/sprites/spr_samurai_mid_run,assets/strips/spr_samurai_mid_run_strip8.png
spr_samurai_neon_attack1,26,200,200,6,100,200,69,53,188,121,0,AxisAlignedRect,30.0,FramesPerSecond,assets/sprites/spr_samurai_neon_attack1,assets/strips/spr_samurai_neon_attack1_strip6.png
spr_samurai_neon_attack2,27,200,200,6,100,200,82,59,193,121,0,AxisAlignedRect,30.0,FramesPerSecond,assets/sprites/spr_samurai_neon_attack2,assets/strips/spr_samurai_neon_attack2_strip6.png
spr_samurai_neon_death,28,200,200,6,100,200,69,69,119,121,0,AxisAlignedRect,30.0,FramesPerSecond,assets/sprites/spr_samurai_neon_death,assets/strips/spr_samurai_neon_death_strip6.png
spr_samurai_neon_fall,29,200,200,2,100,200,69,66,116,121,0,AxisAlignedRect,30.0,FramesPerSecond,assets/sprites/spr_samurai_neon_fall,assets/strips/spr_samurai_neon_fall_strip2.png
spr_samurai_neon_idle,31,200,200,8,100,200,76,70,112,121,0,AxisAlignedRect,30.0,FramesPerSecond,assets/sprites/spr_samurai_neon_idle,assets/strips/spr_samurai_neon_idle_strip8.png
spr_samurai_neon_jump,32,200,200,2,100,200,76,69,113,121,0,AxisAlignedRect,30.0,FramesPerSecond,assets/sprites/spr_samurai_neon_jump,assets/strips/spr_samurai_neon_jump_strip2.png
spr_samurai_neon_run,33,200,200,8,100,200,72,74,117,121,0,AxisAlignedRect,30.0,FramesPerSecond,assets/sprites/spr_samurai_neon_run,assets/strips/spr_samurai_neon_run_strip8.png
spr_samurai_red_attack1,34,200,200,6,100,200,69,53,188,121,0,AxisAlignedRect,30.0,FramesPerSecond,assets/sprites/spr_samurai_red_attack1,assets/strips/spr_samurai_red_attack1_strip6.png
spr_samurai_red_attack2,35,200,200,6,100,200,82,59,193,121,0,AxisAlignedRect,30.0,FramesPerSecond,assets/sprites/spr_samurai_red_attack2,assets/strips/spr_samurai_red_attack2_strip6.png
spr_samurai_red_death,36,200,200,6,100,200,69,69,119,121,0,AxisAlignedRect,30.0,FramesPerSecond,assets/sprites/spr_samurai_red_death,assets/strips/spr_samurai_red_death_strip6.png
spr_samurai_red_fall,37,200,200,2,100,200,69,66,116,121,0,AxisAlignedRect,30.0,FramesPerSecond,assets/sprites/spr_samurai_red_fall,assets/strips/spr_samurai_red_fall_strip2.png
spr_samurai_red_idle,39,200,200,8,100,200,76,70,112,121,0,AxisAlignedRect,30.0,FramesPerSecond,assets/sprites/spr_samurai_red_idle,assets/strips/spr_samurai_red_idle_strip8.png
spr_samurai_red_jump,40,200,200,2,100,200,76,69,113,121,0,AxisAlignedRect,30.0,FramesPerSecond,assets/sprites/spr_samurai_red_jump,assets/strips/spr_samurai_red_jump_strip2.png
spr_samurai_red_run,41,200,200,8,100,200,72,74,117,121,0,AxisAlignedRect,30.0,FramesPerSecond,assets/sprites/spr_samurai_red_run,assets/strips/spr_samurai_red_run_strip8.png
